Ensino Básico;Ensino Superior;Curso de Idiomas;Edução Profissional Técnico;Curso Preparatório;Curso Livre
"COLÉGIO DA IMACULADA CONCEIÇÃO CNPJ:12.315.719/0001-09
Av. Dr. Antonio Gouveia, nº507, Pajuçara, Maceió - AL CEP 57030 - 170 Tel:(82) 3231- 3838/3311-7796
secretariacic@hotmail.com
Desconto:25%";"ASSOCIAÇÃO DE DESENVOLVIMENTO EDUCACIONAL - ADEA CNPJ:07.991.012/0001- 74
Av. Sandoval Arroxelas, nº 129, Bairro Ponta Verde, Cidade de Maceió - AL. CEP 57035 - 230 Tel:(82) 3036 - 2299
Desconto:15%";"MAN CURSO DE IDIOMAS LTDA CNPJ:11.880.414/0001 - 79
Av. Jornalista Humberto Calderaro Filho n11 conjunto Abilio Nery, Adrianópolis(92)
Telefone:(92)3236 - 9820/ 3342 - 5100
www.uptime.com.br Desconto:10%";"IADBRASIL - Instituto Águia Dourada - Escola Profissional de Petróleo CNPJ:03.403.903/0001-01
Av. ACM, nº2487, Ed. Fernandez Plaza, 11º andar, sala 1112, Salvador – BA CEP 41800-700 Telefone:(71) 3358-0661/3495-4349/4101-3602
www.institutoaguiadourada.com.br/ www.iadbrasil.com institutoaguiadourada@hotmail.com
Desconto: 20%";"CURSO PREPARATÓRIO REGGIARDO CURSOS PREPARATÓRIOS LTDA CNPJ:15.633.754/0002-37
Travessa Quatorze de março, nº341, Bairro Telégrafo Sem Fio, Belém - PA. CEP 66113-300 Desconto:10 a 20%, conforme o curso";"CEEBE – MÉTODO SUPERA
CNPJ:13.866.591/0001-26
Rua José Veríssimo, 63, Méier, Rio de Janeiro - RJTel:(21) 3176-3190/3176-3195 meier@metodosupera.com.brDesconto: 20% MENS."
"COLÉGIO E CURSO CONTATO CNPJ:69.997.096/0001- 00
Rua Prof. Silvio de Macedo, nº125, Jatiúca, Maceió - AL. CEP 57036 - 740 Tel:(82) 4009 - 5656
www.contatomaceio.com.br
Desconto:15%";"NILTON LINS - CENTRO DE ENSINO SUPERIOR CNPJ:04.803.904/0001 - 06
Av. Professor Nilton Lins 3259 Cep 69.058 - 030
Telefone:(92) 3643 - 2000 www.niltonlins.br Desconto:20%";"MEL IDIOMAS CNPJ:10.441.980/0001- 11
Rua Carlos Lecor, n 968, Conjunto Castelo Branco, Parque Dez Telefone:(92) 3642 - 0092
www.alpsmanaus.com.br luciete@alpsmanaus.com.br Desconto:20%";"INSTITUTO FORMAÇÃO PARA A EDUCAÇÃO - POSEAD CNPJ: 09.110.734/0001-06
SGAS Qd. 607, Conj. B Ed Metrópolis, Sala 04, Térreo, Asa Sul -Brasília-DF. CEP 70200-670 Tel:(61) 3218-8321/3218-8342
Desconto:33,33% PARA CURSOS DE EDUCAÇÃO, EAD E SAÚDE.
Para outros cursos , de 29,19% a 32,20%";"CURSO PERSPECTIVA LTDA. - GPI
Rua Padre Manso, 202 – Madureira - Rio de Janeiro – RJ, CEP 21310 260CNPJ º 33.027.284/0001-21 Tel:Fax (21) 3443 0000
Desconto:30% na mensalidade Cursos de Ed. Infantil, Ens. Fund. I e II, Médio, Cursos Pré-Vestibular e Preparatórios para Concursos nas unidades(MADUREIRA, TIJUCA, SAENS PEÑA, BARRA)";
"CONGREGAÇÃO DE SANTA DOROTÉIA DO BRASIL CNPJ:10.847.747/0039 - 06
Av Joaquim Nabuco , 1097 Centro - Telefone:(92) 3232 - 4108 www.santadoroteia.com
contato@santadoroteia.com
Desconto:20% ed. Infantil, 25% ed. fundamental e médio";"ABES - ASSOCIAÇÃO BAIANA DE ENSINO SUPERIOR CNPJ:32.697.294/0001-49
Av. Tamburugy, nº 88, Palmares -Salvador-BA. CEP 41680-440 Telefone:(71) 3505-4500
Desconto:20% GRADUAÇÃO E PÓS";"SKILL IDIOMAS - EGSA IDIOMAS LTDA - EPP CNPJ:12.949.212/0001-07
Av São jorge , 02, Bairro São Jorge, CEP 69.033-000 Telefone:(92)3625-5132 /8414-5396
www.skillidiomas.com Desconto:10%";"INSTITUTO DA CONSTRUÇÃO FORMAÇÃO PROFISSIONAL -SHH FORMAÇÃO PROFISSIONAL DA CONSTRU\ÇÃO CIVIL LTDA.
CNPJ:16.106.174/0001-73
Rua Dom José Lourenço, nº70 -Parquelândia, Fortaleza -CE. CEP: 60.450-245
Tel:(85) 3034-2545
www.estudenoic.com.br fortaleza.saogerardo@institutodaconstrucao.com.br DESC variam de 32% a 10%, dependendo do curso.";"CENTRO EDUCACIONAL LOGOS
CNPJ:32.003.618/0001-00
Rua Mirim 35, Centro, Nova Iguaçu-RJ. CEP 26215-560Tel:(21) 2667-2777
logostes@gmail.com Desconto: 30% + 5% IRMÃO";
"CENTRO LITERATUS - Centro de Assistência ao Desenvolvimento da Criança Ltda. CNPJ: 63.677.827/0001- 54
Av. Jornalista Humber to Calderaro Filho, 965 – Adrianópolis - Manaus – AM CEP 69057- 015 Telefone:(92) 3611-1311/3305 - 2264
www.literatus.edu.br gerente.adm@literatus.edu.br/fiscal@literatus.edu.br Desconto:10% DESC";"3W EDUCACIONAL EDITORA CURSOS S.A CNPJ:14.019.108/0001-30
SBS Qd. 02 Bl. E nº12 sala 206, Sobreloja parte U. CEP 70070-120 Tel:(61) 3218-8310
www.educacional.com.br
Desconto:49,05 % À 54,10%";"ALIANÇA FRANCESA -ASSOCIAÇÃO CULTURAL FRANCO BRASILEIRA CNPJ:13.576.442/0001-22
Avenida Sete de Setembro nº 401, Ladeira da Barra, Salvador-BA Telefone:(71) 3336-7599
www.afbahia.com.br dirgeral@afbahia.com.br Desconto: 10%";"COLÉGIO MEIRA LIMA - União Comunitária de Educação e Cultura
CNPJ:30.285.928/0012-83
Rua Richard Strauss, 52 Jardim América-RJ. CEP 21240-110Tel:(21) 3346-5577
www.colegioateneu.com.brDesconto: 20%";"MULTIPLUS CAPACITAÇÃO - MULTIPLUS CURSOS E CONCURSOS LTDA.
CNPJ:08.658.639/0001-70
Av. Calógeras, nº 6B, Castelo -RJ. CEP 20030-070Tel:(21) 3550-4610 www.cursomultiplus.com.br financeiro@cursosmultiplus.com.br Desconto: 30%";
"COLÉGIO SANTÍSSIMO SACRAMENTO CNPJ:15.145.089/0001-51
Av. Leovigildo Filgueiras 211 Garcia Desconto:10% a 15% DESC";"CESB - CENTRO DE EDUCAÇÃO SUPERIOR DE BRASÍLIA - IESB INSTITUTO DE EDUCAÇÃO SUPERIOR DE BRASÍLIA
CNPJ:00.422.333/0001-09
SGAN, QD 609, Conj D, Av L-2 Norte, Brasília-DF. CEP 70850-090 Tel:(61) 3448-9812
www.iesb.br
Desconto:20% MENS.";"CENTRO CULTURAL ANGLO AMERICANO -CCAA CNPJ:00.586.479/0001-90
SHCS CR Qd 506, Bloco A nº 61, Loja 67, Brasília-DF. CEP 70350-515 Tel:(61) 3443-6265/3242-7819
www.ccaa.com.br/brasiliaasasul Desconto:
40% DE DESC NA PRIMEIRA MENSALIDADE E 20% NAS DEMAIS";"CBP - CURSOS DE INFORMÁTICA
CNPJ: 10.813.162/0001-00
Praça Mauá 13, 2º andar, Centro-RJ. CEP 20081-240Tel:(21) 2233-7761 www.trainertek.com.br
Desconto:50% DESC + R$ 30,00 DE PONTUALIDADE";"INSTITUTO ISABEL
CNPJ:33.529.972/0001-32
Rua Mariz e Barros, 612 - Tijuca.Telefone:(21) 25671185 Desconto:10% MENS";
"COLÉGIO SANTA CECÍLIA - ESCOLA DE EDUCAÇÃO INFANTIL LTDA. CNPJ:15.255.201/0001-07
Rua Florianópolis, nº70, Barra, Salvador -BA CEP 40.140-320 Telefone:(71) 3264-5281/ (71) 3264-5484 / (71) 3264-9106
colegiostacecilia@colegiostacecilia.com.br Desconto:10%";"INSTITUTO S E FRANCISCANO NOSSA SENHORA DE FÁTIMA CNPJ:95.606.380/0001-19
SGAS Qd 906 Conj F Asa Sul, Brasília-DF. CEP 70390-060 Tel:(61) 3442-8650
www.institutofatima.edu.br
Desconto: 25% P/ MARINHA, 20% AERONÁUTICA E EXÉRCITO, 25% DEPENDENTES";"SUDOESTE IDIOMAS LTDA CNPJ:05.575.094/0001-40
CLSW 105, Bloco C, Loja 114 -Brasília-DF. CEP 70670-433
Tel:(61) 3964-2672
Desconto: 20%";"DREAM UP IDIOMAS E INFORMÁTICA
CNPJ:04.497.524/0001-90
Rua Nicarágua nº 512, Penha-RJ CEP 21020-050 Tel: (21) 3887-4707
www.dreamup.lcom.br contato@dreamup.com.b Desconto: 30%";"SBQ ASSESSORIA DIDÁTICA E PEDAGÓGICA LTDA
CNPJ:03.116.549/0002-15
Rua Mathias Velho, 185, Centro cep 92310-300 Tel:(51) 30593909
precanoas@unificado.com.br Desconto:10%";
"CENTRO ESCOLAR AQUARIUS LTDA. - ANCHIETINHA AQUARIUS. CNPJ:08.517.894/0001-01
Rua Clara Nunes, nº203, Lotemento Aquarius, Pituba, Salvador/BA. CEP 41810-425 Desconto:10%";"ASSOCIAÇÃO DE ENSINO SUPERIOR DO CENTRO-OESTE -AESCO CNPJ:03.383.280/0001-52
CSG 09, Lote 15/16 - 2º andar, Taguatinga-DF. CEP 72035-509 Tel:(61) 3037-5858
Desconto:15% EM CURSOS DE PÓS-GRADUAÇÃO";"CNA FÁTIMA - MACEDO RIBEIRO LINGUAS CNPJ:19.235.154/0001-90
Rua Dom Sebastião Lemes, nº1065, Fátima, Fortaleza -CE CEP 60050-160 Tel:(85) 3393-7000/8000
www.cna.com.br/ffatima fatima@cna.com.br Desconto:25% DESC";"ÂNGULO CURSOS PROFISSIONALIZANTES
CNPJ:07.596.511/0001-67
Rua Cônego Thomaz Fontes, 226, Centro Itajaí-SC. CEP 88301-100Tel:(47) 3045-7709 Desconto:40%";"SÉRGIO LUIZ CRUZ INFORMÁTICA- CURSO PREPARATÓRIO UNIFICADO
CNPJ:95.208.385/0001-93
Rua Anfilófio Dias Marques, nº 296, Sala 01, Centro- Osório-RS. CEP 95520-000 Tel:(51) 3663-1468
icone_icone@brturbo.com.br
Desconto:25%";
"COLÉGIO ANCHIETA - Empreendimento Educacional Anchieta Ltda CNPJ:14.799.209/0001-71
Praça Padre Anchieta, nº 126 Pituba, Salvador -BA CEP 41810-830 Telefone:(71) 2107-9000/ (71) 2107-9027
www.anchietaba.com.br Desconto:10%";"CENTRO UNIVERSITÁRIO PLANALTO DO DISTRITO FEDERAL-UNIPLAN CNPJ:01.711.282/0026-56
Av. Pau Brasil S/N, Lote 02-Águas Claras -Brasília-DF CEP 71926-500 Tel:(61) 3435-2200/3435-5646
Desconto:10% CURSOS DA GRADUAÇÃO";"HILPRO IDIOMAS LTDA CNPJ:00.718.458/0001-53
Av. 13 de Maio, 825 -Bairro de Fátima, CEP 60040-530 Tel:(85) 3272-5324
www.hilpro.com.br presidencia@hilpro.com.br Desconto:10% NOS CUR
SOS REGULARES, INTENSIVOS, SUPERINTENSIVOS E ENSINO A DISTÂNCIA.";"LIDERANÇA CURSOS PREPARATÓRIOS PREPARATÓRIOS LTDA
Desconto:15%";;
"COLEGIO ABRAHAN LINCOLN CNPJ:00.700.169/0001-54
Rua Belo Horizonte 253 Jardim Brasil Barra Telefone: (71)3235-3495 3235-3722
www.colegiolincon.com.br colegio.lincoln@hotmail.com.br Desconto:10 a 15%";"FACULDADE DO MEIO AMBIENTE E TECNOLOGIA DE NEGÓCIOS-FAMATEC CNPJ:06.906.245/0001-69
SIA Trecho 02, Lotes 1510/1540, Brasília-DF. CEP 71200-020 Tel:(61) 3433-3000
www.fametro.com.br
Desconto: 40%";"MARIA ELIZABETH PEREIRA DE ARRUDA CNPJ:01.191.075/0001-60
Av. Pontes Vieira, 639, São João do Tauape, Fortaleza-CE. CEP 60130-240 Tel:(85) 3272-1433
www.institutopoliglota.com.br falecom@institutopoliglota.com.br
Desconto:10% PARA TODOS OS CURSOS NO PERÍODO DA NOITE E 20% NAS MANHÃS E TARDES";"CENTRO DE ENSINO TECNOLÓGICO - CETESC
CNPJ:06.173.460/0002-89
Rua Felipe Schimidt, 480, Centro, Itajaí-SC. CEP 88041-301Tel:(47) 3346-3300
Desconto:15%";;
"SARTRE COC - SARTRE EMPREENDIMENTOS EDUCACIONAIS LTDA CNPJ:15.236.367/0001-86
Rua da Graça, nº 95, Bairro da Graça CEP 40120-411 www.seboc.com.br/sartre
Desconto:10% matutino e 25% vespertino";"FACULDADE EVANGÉLICA DE BRASÍLIA CNPJ:00.078.733/0001-49
SGAS 905, Conj. D W5 Sul, Brasília-DF Desconto:10%";"CURSO DE LINGUAS CNA MONTESE - CHRISTIANO MENEZES DE SOUZA –ME CNPJ:01.771.726/0001-90
Rua Armando Monteiro, 485, Fortaleza Tel:(85) 3463-9944
supervisaomo@cnafortaleza.com.br Desconto:20% DESC";"ORGANIZAÇÃO GUARÁ DE ENSINO
CNPJ:45.207.487/0001-16
Av. Pedro de Toledo, 195 - VI. Paraíba Guaratinguetá-SP. CEP 12515-690Tel:(12) 3123-3123 www.oge.edu.br
Desconto:10%";;
"CENTRO EDUCACIONAL ADVENTISTA MILTON AFONSO CNPJ:60.833.910/0053-08
SGAS 611 Módulo 75 L2 SUL ASA SUL Tel:(61) 3345-7080
Desconto: 15% DESC";"UNIÃO EDUCACIONAL DO PLANALTO CENTRAL (UNIPLAC) CNPJ:00.720.114/0001-12
SHIS Qi 07, Conj. 10, Bloco E -Lago Sul, Brasília-DF. CEP 71715-300 Tel:(61) 3248-5100
www.faciplac.edu.br
Desconto:30%";"CNA PARQUELÂNDIA-MILENIUM EMPREENDIMENTOS EDUCACIONAIS CNPJ:00.566.937/0001-29
Rua José Sombra, 552, Parque Araxá Tel:(85) 3272-5444
supervisaopq@cnafortaleza.com.br Desconto:20% DE DESC";"EDUCÀRE APOIO TÉCNICO PEDAGÓGICO S/C LTDA
CNPJ:96.484.985/0001-47
Rua Tepompo de Vasconcelos, 57 - Vila Adyanna, São José dos Campos-SP.
CEP 12243-830
educare@vivax.com.br
Desconto:10%  + 5% PARENTES; 5% ANUAL OU SEM.";;
"CENTRO EDUCACIONAL MARIA AUXILIADORA -CEMA CNPJ:00.036.541/0001-70
SHIGS 702 BLOCO CASA SUL Tel:(61) 3224-5365/3224-5315
www.cemaeduc.com.br
Desconto:
10% DESC MATUTINO, 15% MAIS DE UM FILHO E 20% VESPERTINO";"FACULDADE EVANGÉLICA DE BRASÍLIA CNPJ:05.269.949/0001-30
SGAS QD 910, Conj E, Lotes 33 e 34, Brasília-DF. CEP 70390-100
Tel:(61) 3704.8700
Desconto:10%";"CNA - MR IDIOMAS E NEGÓCIOS LTDA-ME CNPJ:12.495.382/0001-50
Av. Três Corações, nº01, Bairro Cidade Nova, Ananindeua - Belém. CEP 67130-850 Desconto:30%";"VELVET COMERCIAL
Desconto:10% a 12% NOS TREINAMENTO DE CAPACITAÇÃO";;
"COLÉGIO JK CNPJ:26.413.361/0001-22
SEPN, QD 513, Bloco ""D"", nº 38, Edifício Imperador, Salas 1070 e 109, Asa Norte, CEP 70060-524
Tel:(61) 3349-4195
Desconto:10% a 40%";"CENTRO DE TREINAMENTO E DESENVOLVIMENTO CNPJ:07.875.818/0001-05
Av. da Universidade, 2932, Benfica, Fortaliza-CE.
CEP 60020-181
www.cetrede.com.br cetrede@cetrede.com.br Desconto:15% MENS.";"ALIANÇA FRANCESA BELÉM - ASSOCIAÇÃO DE CULTURA FRANCO BRASILEIRA CNPJ:05.073.077/0001-05
Tv. Rui Barbosa, nº1851 - Bairro Batista Campos, Belém - PA. CEP 66.035-220. Tel:(91) 3224-3998/3224-3198 www.afbelem.com
Desconto: 30%";"INSTITUTO MONITOR
Desconto:10%";;
"ESCOLA GOLFINHO DOURADO LTDA
CNPJ:07.307.111/0001-75SHC/NORTE EQ 116/316, Bloco C -Asa Norte, Brasília-DF. CEP 70775-000 Tel:(61) 3274-0635/3349-2263
Desconto:10% EDUC INFANTIL";"CENTRO DE ENSINO SUPERIOR RATIO -FACULDADE RATIO CNPJ:03.529.230/0001-30
Rua Isac Amaral, 420 -Dionísio Torres -Fortaleza-CE Tel:(85)3021-5553
www.ratio.edu.br ratio@ratio.edu.br Desconto:25% MENS.";"WIZARD PIEDADE -SUCESSO SERVIÇOS DE CURSOS LIVRES CNPJ:08.727.176/0001-51
Av. Bernardo Vieira de Melo, nº2590, Piedade- Jaboatão dos Guararapes - PE. CEP 54.410-010 Tel:(81)3361-0828 direção@wizard.srv.br
Desconto:40% DESC nas parcelas mensais, para contrato anual, dos planos kids, teens, class e flex.";"INSTITUTO BARREIROS DE FISIOTERAPIA
Rua Pedroso de Moraes, 3256, São Paulo.Tel:(11) 3884-0539
Desconto:30% PARC; 2 BOLSAS DE 100%";;
"MEU PEQUENO MUNDO -SOCIEDADE BRASILIENSE DE EDUCAÇÃO INFANTIL CNPJ:00.521.765/0001-77
EQS 216/416, Bloco C - Asa Sul -Brasília-DF. CEP 70295-400 Tel:(61) 3245-5333
Desconto:10% EDUC INFANTIL";"EMPREENDIMENTO EDUCACIONAL MARACANAÚ LTDA - FAMETRO CNPJ:03.884.793/0001-47
Rua Conselheiro Estelita, 500, Fortaleza -CE Tel:(85) 3206-6414
www.fametro.com.br
Desconto:10 a 15% de DESC(VARIA COM O CURSO)";"FISK CENTRO DE ENSINO- CAPACITAÇÃO E DESENVOLVIMENTO DE ENSINO CNPJ:07.654.586/0001-57
Rua Dr. José Marcelino 61 Bairro da Madalena, Recife - PE Tel:(81) 3125-3071 recifemadalena.pe@escolasfisk.com.br
Desconto:30 a 35%";"INSTITUTO NACIONAL DE EDUCAÇÃO A DISTANCIA - INED -LAUDERAPARTICIPAÇÕES LTDA
CNPJ:65.524.803/0001-90
Praça Marechal Deodoro, 356, Santa Cecíliatel:(11) 3823-2222
www.institutonacional.com.br Desconto: 20%";;
"CENTRO EDUCACIONAL TECNOLÓGICO BRASILEIRO CNPJ: 07.325.913/0001-77
SGAS Qd 603, Conj. C, 1º andar - Asa Sul, Brasília-DF. CEP 70200-630 Tel:(61) 3218-8300
Desconto: 10% PARA CURSOS DE APERFEIÇOAMENTO PROFISSIONAL";"CURSO DE MEDIAÇÃO DE CONFLITOS E FAMILIAR- SABER ON LINE CNPJ:08.201.095/0001-13
Av. Álvares Cabral, nº 397, Sala 8094, Centro - Belo Horizonte-MG. CEP 30170-000 Tel:(31) 3267-3526 contato@saberonline.net
Desconto:16,5%";"WIZARD DERBY- KLB IDIOMAS LTDA CNPJ:40.823.791/0001-74
Rua Governador Carlos de Lima Cavalcanti, 217, Derby, Recife. CEP50.070-110 Tel:(85) 3421-7055 direção@wizard.srv.br kiwizard2001@yahoo.com.br
Desconto:40% DESC nas parcelas mensais, para contrato anual, dos planos kids, teens, class e flex. Pagamento em cartão de crédito ou cheque.";;;
"COLÉGIO JK CNPJ:04.978.818/0001-34
Área Especial nº 14, Setor Central Gama, Brasília-DF. CEP 724950169 Tel:(61) 3384-6080
Desconto:10% À 40%";"CENTRO DE EXCELÊNCIA IDEAL S/S LTDA CNPJ:05.647.513/0001-02
Travessa São Francisco, 421, Batista Campos-PB. CEP 66023-530 Tel:(91) 3323-0693 www.fgvideal.com.br comercial@fgvideal.com.br Desconto:10%";"VALESAN CURSOS DE IDIOMAS LTDA – BRISTISH AND
CNPJ: 12.227.244/0001-90
Rua Manaí, 50 – Campo Grande - RJTel: (21) 2411-09179 www.britishandamerican.com.br rio.eg@britishandamerican.com.brDesconto: 54%";;;
"COLÉGIO JK CNPJ:07.001.188/0001-31
Área Especial nº 17, Setor Central Gama, Brasília-DF. CEP 70405-170 Tel:(61) 3385-0934
Desconto: 10% À 40%";"INSTITUTO DE ESTUDOS SUPERIORES DA AMAZÔNIA (IESAM) CNPJ:03.137.964/0001-74
Av. Governador José Malcher nº 1148, Nazaré, Belém-PA. CEP 66055-260 Tel: (91)4005-5400 www.iesam-pa.edu.br
Desconto: 20, 15 E 10%";"UPTIME – VYASA IDIOMAS
CNPJ:11.224.683/0001/87
Rua Passo da Pátria, 179, Sala 201, Duque de Caxias-RJ.CEP 25071-220Tel: (21)2772-2511 www.uptimesite.com.br        duq@uptimesite.com.br
Desconto: 40% à 68%";;;
"COLÉGIO DARWIN CNPJ:07.318.056/0001-82
Rua Ildelfonso Albano, 1030, Aldeota, Fortaleza-CE CEP 60115-000 Tel:(85) 3221-2820
www.colegiodarwin.com.br
Desconto:25% a 45% conforme turno e quantidade de filhos";"INSTITUTO CAMPINENSE DE ENSINO SUPERIOR - ICES CNPJ:95.933.016/0001-70
Rua Prefeito Antonio Carvalho de Souza s/n, Estação Velha, Campina Grande-PB. Desconto:13%";"CENTRO DE CULTURA ANGLO AMERICANA- CCAA
CNPJ: 04.794.883/0001-00
Rua Haddock Lobo, 397 – Tijuca – RJ CEP: 20260-131Tel: (21)2568-7048 Desconto:30%";;;
"COLÉGIO IRMÃ MARIA MONTENEGRO CNPJ:06.750.350/0001-51
Rua Pinho Pessoa, 681, Joaquim, Távora, Fortaleza-CE. CEP 60130-175 Tel:(85) 4008-6700
www.portalcimm.com.br cimm@portalcimm.com.br
Desconto:15% P/1, 20% P/2, 25% P/3, 30% P/4 EM TODOS OS CURSOS";"CENTRO NACIONAL DE ENSINO SUPERIOR - CENESUP
CNPJ:05.474.470/0001-00 Av. Almirante Barroso, nº 883, João Pessoa-PB. Desconto:15%";"ESCCI – CENTRO CULTURAL DE IDIOMAS E.H.M. SCHUTZ
CNPJ:31.838.964/0001-37
Rua São Clemente nº 94, Conj 1204, Centro Niterói-RJ. CEP24020-102Tel:(21) 2717-8325 WWW.ESCCI.COM.BR
Desconto: 20% e 50%";;;
"COLÉGIO ROSA GATTORNO-INSTITUTO DE ENSINO DOM HELDER CNPJ:08.845.409/0001-10
Rua Conselheiro Estelita, 264, Bairrro Jacarecanga, Fortaleza-CE. CEP 60000-000 Tel:(85) 3238-5049
www.crgattorno.com.br
Desconto:1 20%, 2 25%, 3 30% DESC NO ED INF ENS FUND E MED";"UNIBRATEC- ASBRATEC ASSOCIAÇÃO BRASILEIRA DE TECNOLOGIA
CNPJ:07.935.866/0001-33 Av Marechal Mascarenhas de Morais, 4989, sala 2, Imbiribeira Tel:(81) 3339-0998 www.unibratec.edu.br comercial@unibratec.edu.br
Desconto:20 a 40%";"ALIANÇA FRANCESA – RIO DE JANEIRO
CNPJ: 33.075722/0001-64
Rua Muniz Barreto, 746-746/A – Botafogo - RJTel: (021) 3299-2000 Fax: 3299- 2005
www.rioaliancafrancesa.com.brDesconto: 25%";;;
"COLÉGIO SANTO TOMÁS DE AQUINO CNPJ:07.297.093/0001-53
Rua Mario Mamede, 750, Bairro de Fátima Tel:(85) 4012-6400
www.tomazdaquino.com.br
Desconto: 15% a 45% DEPENDENDO DA QUANTIDADE DE FILHOS MATRICULADOS E CICLO ESCOLAR";"IBRATEC- INSTITUTO BRASILEIRO DE TECNOLOGIA
CNPJ:70.177.159/0001-61 Av Marechal Mascarenhas de Morais, 4989, sala 2 - Imbiribeira Tel:(81) 3339-0998 www.unibratec.edu.br comercial@unibratec.edu.br
Desconto:10 a 36%";"CURSO DE IDIOMAS ALL - EFEMESE ENSINO DE IDIOMAS LTDA
CNPJ:04.950.568/0001-24
Rua José Bonifácio, 888, Todos Santos-RJ. CEP 20770-240Tel:(21) 3271-8040 www.allonline.com.br meier@allonline.com.brDesconto: 30%";;;
"SOCIEDADE EDUCADORA AGNUS -COLÉGIO AGNUS CNPJ:03.620.696/0001-47
Rua Teodorico Barroso, 827, Bairro Montese, Fortaleza-CE. CEP 60420-120 Tel:(85) 3491-2746
www.colegioagnus.com.br colegio.agnus@gmail.com
Desconto: 20%(1 FILHO), 25%(2 FILHOS) e 30%(3 FILHOS)";"FACULDADE CNEC ILHA DO GOVERNADOR
CNPJ:33.621.384/0039-91
Estrada do Galeão, s/nº – Ilha do Governador – RJ – CEP: 21941-291Tel:(21) 3975.6803, 3975.6807
www.cnec.br    marianasousa@cnecrj.com.brDesconto: 20% todos os cursos de Ens. Sup.";"CENTRO DE ENSINO DE IDIOMAS LTDA
CNPJ: 03.789.381/0001-28
Rua Uranos, 1438 LJ-A – Olaria – RJ CEP:21060-004Tel: (21) 2573-5676
olaria@allonline.com.br/site
Desconto: 60% Cursos Inglês e Espanhol";;;
"COLÉGIO 21 DE ABRIL CNPJ:09.008.455/0001-28
Rua Benjamim Barroso, 820, Monte Castelo Tel:(85) 4006-0800
secretaria@colegio21deabril.com.br
Desconto:28% ANUIDADE A VISTA E 22% ANUIDADE PARCELADA";"UNIVERSIDADE VEIGA DE ALMEIDA (UVA)
CNPJ: 034185306/0001-81
Rua Ibituruna nº 108 – Tijuca - Rio de Janeiro – RJ CEP:20271-020Tel: (21) 2574-8965 Fax: 2574- 8939
www.uva.br  niue@uva.br
Desconto: 10% à 25% CONFORME CURSO, ESPECIALIDADE E CAMPUS";"DREAM UP IDIOMAS E INFORMÁTICA
CNPJ:04.497.524/0001-90
Rua Nicarágua nº 512, Penha-RJ CEP 21020-050Tel: (21) 3887-4707 www.dreamup.lcom.br contato@dreamup.com.b
Desconto: 30%";;;
"COLÉGIO NOSSA SENHORA VIRGEM DE FÁTIMA -COLÉGIO 21 DE ABRIL CNPJ:10.704.145/0001-27
Av. Bezerra de Menezes, 600, Monte Castelo Tel:(85) 4006-0800
secretaria@colegio21deabril.com.br
Desconto:28% DE DESC ANUIDADE AVISTAS E 22% ANUIDADE PARCELADA";"SOCIEDADE DE ENSINO SUPERIOR PINHEIRO GUIMARÃES
CNPJ:29.242.427/0001-88
Rua Silveira Martins, nºs 151, 153 – Catete – Rio de Janeiro CEP: 22221-000Tel: (21) 2205-0797
www.pinheiroguimaraes.br Desconto: 50% área de jornalismo.";"EAGLE ESCOLA DE IDIOMAS - WIZARD
CNPJ:04.028.248/0001-11
Rua Sete de Setembro, 71, Sobreloja – Centro RJ CEP 20050-005 Tel:(21) 2526-7025
www.wizardrj.com.br leowizardrj@gmail.com Desconto: 20%";;;
"ESCOLA MATERNAL TERNURINHA CNPJ:06.060.503/0001-39
Rua Souza Girão, nº 200-Bairro de Fátima -Fortaleza-CE CEP 60055-370 Tel:(85) 3252-1417
www.gmail.com esternurinnha@gmail.com Desconto:10% DESC";"UNIVERSIDADE CASTELO BRANCO
CNPJ:42.265.413/0001-48
Av. Santa Cruz, nº 1631, Bairro Realengo – RJ – CEP:21.710-255Tel: (21) 3216-7700 – Fax: 2401- 9696
www.castelobranco.br
Desconto: 15% nas mensalidades dos cursos do Ensino Médio dos Colégios deAplicação Paulo Gissoni-CAP , Colégio Castelo Branco-CCB e dos cursos de Ensino Superior de graduação, pós- graduação e MBA.";"FISK - FOLLOW UP LANGUAGE CENTER CURSOS DE IDIOMAS LTDA
CNPJ: 08.602.402/0001-78
Avenida Almirante Barroso, 72, sobreloja - Centro/RJTel:(21) 2262-0249
www.fiskprime.com.br centro.rj@escolasfisk.com.br Desconto: 50%";;;
"INSTITUTO DE EDUCAÇÃO DE OURO PRETO CNPJ:00.123.126/0001-53
Rua Carvalha QDE 13 Ouro Preto Olinda
Tel: (81)3439 9962 e-mail.ieop_1991@hotmail.com Desconto:20%";"ESTÁCIO DE SÁ – PARTICIPAÇÕES S.A.
CNPJ:08.807.432/0001-10
Av. Embaixador Abelardo Bueno, 199 – 6º and. Rio Office Park – Barra daTijuca – RJ
Desconto: 20%";"R3 IDIOMAS – GO UP IDIOMAS CNPJ: 07.541.512/0001-04
Rua Firmino Fragoso, 276 – Madureira – RJ CEP:21351-050
Tel:(21) 301790-5890
www.goupidiomas.com.br        goup@goupidiomas.com.br Desconto: 30% Inglês e Espanhol";;;
"BUREAU JURÍDICO - ESBJ CNPJ:04.986.320/0001-13
Rua Guilherme Pinto, 146, Bairro das Graças, Recife-PE. CEP 52010-210 Tel:(81) 3413-4640
Desconto:10 a 20%";"INSTITUTO SUPERIOR DE EDUCAÇÃO LA SALLE
CNPJ:60.916.731/0026-61
Rua Gastão Gonçalves, 79, Santa Rosa, Niterói-RJ.
Tel:(21) 2199-6600
www.lasallerj.org valeria.santos@lasalle.org.br
Desconto: 20% e 15% DESC";"TODD A. MCKINNEY
CNPJ:09.962.640/0001-31
Rua Apodi, nº 698, Tirol, Natal-RN CEP 59020-130 Tel:(84) 3201-1898
www;escolamekinney.com   escolamekinney@hotmail.com Desconto:40%";;;
"COLÉGIO PINHEIRO GUIMARÃES LTDA CNPJ: 33.686.049/0001-07
Rua Silveira Martins, nºs 151, 153 – Catete – Rio de Janeiro CEP: 22221-000 Tel: (21) 2205-0797 www.pinheiroguimaraes.br
Desconto: 50% creche; pré-escolar, ens. fund., médio e EJA. 20% curso prévestibular e curso preparatório.";"INSTITUTO DE CIÊNCIA E TECNOLOGIA MARIA THEREZA
CNPJ:01.914.745/0001-29
Rua Visconde do Rio Branco, nº 869, São Domingos, Niterói-RJ.CEP 24240-006Tel:(21) 2707-3506 /2707- 3521
www.famath.com.br convenios@famath.com.br
Desconto:10 a 50% NA MENSALIDADE";"BRITISH EMPREENDIMENTOS EDUCACIONAIS
CNPJ:10.985.630/0001-16
Av. das Fronteiras, 253,  Nossa Senhora da Apresentação, Natal.Tel:(84)30846174 Desconto:30%";;;
"JARDIM ESCOLA SOL DA MANHÃ
CNPJ nº 01.378.360/0001-94 Rua Orestes Barbosa, 114 - Ilha do Governador - Cep: 21.940-375 - RJ Tel: (21) 3393-2543.
Desconto:10%";"INSTITUTO BRASILEIRO DE MEDICINA DE REABILITAÇÃO - IBMR
CNPJ:42.365.445/0001-15
Praia de Botafogo, 158, Botafogo-RJ. CEP 22250-040Tel:(21) 2559-8600 www.ibmr.br    ibmr@ibmr.br
Desconto: 20% EM TODOS OS CURSOS DE GRADUAÇÃO E PÓS-GRADUAÇÃO";"PROENGLISH ASSESSORAMENTO TÉCNICO LINGUÍSTICO EMPRESARIAL LTDA
CNPJ:24.211.641/0001-53
Rua Olinto Meira, 1145, Barro Vermelho – Natal - RN Tel:(84) 3211-4260
Desconto:25%";;;
"CECIG – CENTRO DE EDUCAÇÃO E CRIATIVIDADE ILHA DO GOVERNADOR - Bastos de Araújo
Empreendimento LTDA
CNPJ:73.385.189/0001-51 Rua Ten Cleto Campelo, 274, Cocotá - Ilha do Governador-RJ. CEP 21921-025 Tel:(21) 2467-1284/4766 www.ceci g.com.br cecig@cecig.com.br
Desconto:20% a 35%";"UNICARIOCA - ASSOCIAÇÃO CARIOCA DE ENSINO SUPERIOR
CNPJ:31.886.146/0001-00
Av. Paulo de Frontin, nº568, Rio Comprido - RJ. CEP 20261-243Tel:(21) 2563-1919
www.unicarioca.edu.brDesconto:10%";"BRASAS ENGLISH COURSE - BASSO E MENDONÇA ASSESSORIA LINGUÍSTICA CNPJ:10.541.414/0001-81
Rua Berlarmino de Mendonça, nº 775, Centro, Foz do Iguaçu-PR. CEP 85851-100 Tel:(41)3027-0002 fz@brasas.com
15% PAGAMENTO EFETUADO ATÉ 05 DE CADA MÊS";;;
"CENTRO DE EDUCAÇÃO E CULTURA ALPHA – CeEduca – CENTRO DO MENOR P/ASSISTÊNCIA E REINTEGRAÇÃO
CNPJ: 73.340.119/0002-68
Rua Pio Dutra, nº 549/573, Freguesia-Illha do Governador-RJ. CEP 21911-200 Tel:(21) 3396-0668/0706 www.ceeduca.com.br ceeduca@ceeduca.com.br Desconto: 20%";"INSTITUTO ISABEL
CNPJ:33.529.972/0001-32
Rua Mariz e Barros, 612 – Tijuca – RIO DE JANEIROTelefone:(21) 25671185 Desconto:10% MENS";"WIZARD CANOAS - HIMAGE MATERIAL DIDÁTICO E IDIOMAS LTDA
CNPJ:72.244.973/0001-87
Av. Guilherme Schell nº6250, Centro, Canoas-RS. CEP 92.310-000
Tel:(51) 3466-9660
www.wizardcanoas.com.br   canoas@wizard.com.br
Desconto:15 a 10%";;;
"ESCOLA BRETANHA E JARDIM TIO CARECA
CNPJ:34.156.620/0001-36 Rua Miritiba n 317, Ilha do Governador, RJ. CEP 21911-120 Tel:(21) 3396-1986 www.bretanha.com.br escola@bretanha.com.br
Desconto:20% Ed. Infantil e 10% Ens. médio";"UNICESUMAR - CENTRO DE ENSINO SUPERIOR DE MARINGÁ LTDA
CNPJ:79.265.617/0001-99
Rua Barão de Mesquita 159, Tijuca, RJ. CEP 20540-005Tel:(21) 31736353
www.cesumar.br ou www.ead.cesumar.br ou riodejaneiro@ead.cesumar.br Desconto:10% DESC+10% de pontualidade nos cursos de graduação e pós-gradução, todas as áreas de ensino superior a distância.";"UP IDIOMAS - SET UP EDUCAÇÃO LTDA
CNPJ:12.063/0001-74
Rua General Salustiano, 135, Marechal Rondon, Canoas - Rio Grande do Sul Tel:(51) 3031-8700
www.upidiomas.org.br comercial.canoas@upidiomas.com.br
Desconto:20%";;;
"CENTRO CULTURAL MANILHA
CNPJ: 28.189.140/0001-79
Rua Albertina Monteiro dos Santos, nº 04 Manilha - Itaboraí-RJ CEP 24800-000Tel:(21) 2635-9069 www.centroculturalmanilha.com.br
Desconto: 10%  mensal, 15% semestral, 20% anual";"SOCIEDADE EDUCACIONAL CARVALHO GOMES
CNPJ:06.083.327/0001-50
Av. Engenheiro Roberto Freire, nº 1514, Capim Macio, Natal-RN. CEP 59080-400 Desconto:20%";"WIZARD - ESCOLA DE IDIOMAS CENTRO GARBIANA LTDA-ME
CNPJ:13.404.956/0001-09
Rua dos Andradas, nº 495, Centro, Porto Alegre-RS. CEP 90020-001Tel:(51) 3224-2011 wizardpoacentro@hotmail.com
Desconto:21%";;;
"CENTRO EDUCACIONAL SÃO BENTO DA LAGOA
CNPJ: 07.998.714/0001-80
Rua 12, lote 10-Qd 47 -Itaipuaçu Maricá-RJ. CEP 24900-000
Tel: (21) 2638-7483
escolalagoinha.com.brDesconto: 15%";"UNIANDRADE - CENTRO UNIVERSITÁRIO CAMPOS ANDRADE CNPJ:79.732.194/0001-70
Rua Marumby, 283, Curitiba-PR.
Desconto:20% ANUIDADE ANT; 15% ANUIDADE E SEM.; 10% PARC.";"ALIANÇA FRANCESA DE PORTO ALEGRE - CENTRO FRANCO BRASILEIRO
CNPJ:92.989.359/0001-51
Rua Dr. Timóteo, nº 752, Bairro Moinhos de Vento, RS Tel:(51) 3222-6070
www.afpoa.com.br
Desconto:20% de bolsa parcial não cumulativo com outros descontos, a não ser em caso de parentes (pais, filhos e irmãos) que recebe mais 10% ou 10% para o segundocurso.";;;
"CENTRO EDUCACIONAL NAZARENO
CNPJ:39.478.342/0001-57
Rua Emílio Guadagny, 1733 - Centro de Mesquita,  RJ CEP 26240-160Tel: (21) 2796-7283 Desconto: 55%";"PONTIFÍCIA UNIVERSIDADE CATÓLICA DO PARANÁ CNPJ:76.659.820/0001-13
Rua Imaculada Conceição, 1155, Prado Velho, Curitiba-PA. CEP 80215-901 Tel:(41) 3271-1875 diretoriaeducaçãocontinuada@puepr.br
Desconto: ATÉ 20 ALUNOS 10%; 21-30 15%; ACIMA DE 31 20%";"CENTRO CULTURAL E LINGUISTICO CHALLENGER BRASIL
CNPJ:04.129.799/0001-71
Rua dos Andrades 1799, Santa Maria-RS. CEP 97010-033 Tel:(55) 3222-2760
www.challengerbrasil.com.br        challenger@challengerbrasil.com.br
Desconto:10%";;;
"FILGUEIRAS CENTRO TÉCNICO EDUCACIONAL
Av. Getúlio de Moura, 1901 – Centro Nilópolis - RJTel; (21) 2691-0044 40% infantil, 30% FUND, 30% médio";"UNIAMÉRICA - ASSOCIAÇÃO INTERNACIONAL UNIÃO DAS AMÉRICAS CNPJ:18.715.633/0001-41
Av. Tarquíco Joslin dos Santos, nº1000, Bairro Jardim Universitário, Foz do Iguaçu, Paraná. CEP 85870-650 Tel:(45) 2105-9001 www.uniamerica.br
Desconto:20%";"SIM ESCOLAS DE IDIOMAS - CURSOYES
CNPJ:07.790.024/0001-30
Rua Serafim Valandro nº 610, Centro, Santa Maria, RS, CEP 97010-480 Tel:(55) 3027-1184
www.cursoyes
Desconto:10% NOS CURSOS DE LINGUA INGLESA E ESPANHOLA";;;
"CENTRO EDUCACIONAL                        ADVENTISTA  DE  NITERÓI    -        Instituição
Adventista de Edu e Assist. Soc Este Brasileira
CNPJ:73.686.370/0025-75
Rua Desembargador Lima Castro, 36, Fonseca - Niterói RJTel:(21) 2625-1707 colegioadventistaniteroi@hotmail.comDesconto: 20 a 26%";"CAEDRHS ASSOCIAÇÃO DE ENSINO CNPJ:03.642.383/0001-90
Av. Coronel José Lobo, 800, Paranaguá - PR. CEP 83203-340 Tel:(41) 3423-3415 direcaodegraduacao@isulpar.com.br
Desconto:5-10 ALUNOS 30%; 11-20 35%; A PARTIR DE 21 40%";"CENTER FOR LANGUAGE STUDIES
Rua Riachuelo, nº99, Centro, Santa Maria- RS Desconto: 20 A 35%";;;
"COLEGIO ITAPUCA EDUCADORES ASSOCIADOS LTDA
CNPJ:28.542.421/0001-63
Rua Noronha Torrezão 373 Santa Rosa – Niterói - RJTel:(21)26121490 (21)26121490 www.colegioitapuca.com.br  secretaria@colegioitapuca.com.brDesconto: 15%";"ULBRA - UNIVERSIDADE LUTERANA BRASILEIRA - / CELSP
CNPJ:88.332.580/0001-65
Av. Farropilha, 8001, São José, Canoas-RS. CEP 92425-900 Tel: (51)34779136
www.ulbra.br
Desconto:10%";"Centro de Cultura Inglesa de Rondônia –LTDA
Av. Rio Madeira, 4253. Bairro Embratel. Cep 76.821-300. Porto Velho –RO. (069) 322-2224
15% (quinze por cento) -sem desconto à vista.";;;
"CENTRO EDUCACIONAL LOGOS
CNPJ:32.003.618/0001-00
Rua Mirim 35, Centro, Nova Iguaçu-RJ  CEP 26215-560Tel:(21) 2667-2777 logostes@gmail.com
Desconto:10%  + 5%  irmão";"UNIVERSIDADE REGIONAL DO NOROESTE DO RIO GRANDE DO SUL – UNIJJUÍ
CNPJ:90.738.014/0002-80
Rua do Comércio, 3000, Universitário, Ijuí-RS. CEP 98700-000 Tel:(55) 3332-0200
www.unijui.edu.br        roger.roberto@unijui.edu.br
Desconto:20%";"Thiers Struthos Eireli –ME (FISK –INSTITUTO TARGET).
Rua Abunã, 1035. Bairro Olaria. Cep 76.801-293. Porto Velho –RO.
(069) 3224-1102
30% (trinta por cento) para pagamento semestral e progressivo";;;
"CRECHE PEIXINHO DOURADO (CENTRO EDUCACIONAL SÃO PATRÍCIO)
CNPJ: 68.754.563/000109
Rua Angélica Mota 355, Olaria - RJ. CEP 21021-490Tel:(21) 3976-2151 /  3976-2084
saopatricio@yahoo.com.brDesconto: 20%";"CENTRO DE EDUCAÇÃO E PESQUISA INTERCURSOS
CNPJ:13.034.976/0001-27
Rua Maron, 1311/103, Passo Fundo-RS. CEP 99010-031Tel:(54) 8401-3287
www.ctepi.com.br  elara.ester@etepi.com.br
Desconto:10%";"Wizard Escola de Idiomas.
Avenida Carlos Gomes, 420. Cep 76.801-166. Porto Velho –RO. (069) 3223-9843(069) 3229 -6444
20% (vinte por cento).";;;
"CECIG  –    CENTRO DE   EDUCAÇÃOE   CRIATIVIDADE  ILHA   DOGOVERNADOR – BASTOS DE ARAÚJO EMPREENDIMENTO LTDA CNPJ:73.385.189/0001-51
Rua Ten Cleto Campelo, nº 274-Cocotá Ilha do Governador RJ. CEP 21.921-025 Tel:(21) 2467-1284/4766
www.cecig.com.br cecig@cecig.com.brDesconto: 20% a 35%";"FACULDADE IBGEN - IBGEN EDUCACIONAL LTDA.
CNPJ:01.024.691/0001-26
Av. Protásio Alves, nº2493, Petrópolis, Porto Alegre- RS. CEP 90410-002Tel:(51) 3332-0202 www.ibgen.com.br       contato@ibgen.com.br
Desconto:10 a 25%";"Centro de Cultura Inglesa de Rondônia –LTDA.
Av. Rio Madeira, 4253. Bairro Embratel. Cep 76.821-300.Porto Velho–RO. (069) 322-2224 15% (quinze por cento) –sem desconto à vista.
Curso de Inglês";;;
"Centro de Educação e Cultura Alpha - CeEduca - Centro Educacional doMenor p/Assistência e Reintegração
CNPJ: 73.340.119/0002-68
Rua Pio Dutra, nº 549/573, Freguesia-Illha do Governador-RJ. CEP 21911-200Tel:(21) 3396-0668/0706 www.ceeduca.com.br ceeduca@ceeduca.com.brDesconto: 20%";"FACULDADE DE TECNOLOGIA PASTOR DOHMS(TECNODOHMS)
CNPJ:92.843.945/0024-80
Rua Américo Vespucio, 483,Higienópolis Tel:(51) 3366-8620
www.tecnodohms.org.br       tecnodohms@tecnodohms.org.br
Desconto:10%";"CENTRO CULTURAL CHANNEL DE RORAIMA - CULTURA INGLESA
CNPJ:12.741.417/0001-94
Av. Major Williams, 1687, Centro. CEP 69301-110 Tel:(95) 3224-3533
www.culturaingresaboavista.com.br gerente@culturaingresaboavista.com.br
Desconto:20%";;;
"CENTRO EDUCACIONAL CHAMBARELLI
CNPJ:68.722.222/0001-51
Rua Paiva n 233, Quintino Bocaiuva -  Rio de Janeiro CEP 21380-360Tel: (21)2592-1196 Desconto:10% a 15% MENS; 15% a 20% ANUAL/SEM.";"UNIVERSIDADE DE SANTA CRUZ DO SUL (UNISC) ASSOCIAÇÃO PRÓ-ENSINOEM SANTA MARIA (APESC)
CNPJ:95.438.412/0001-14
Av. Independência,. 2293, Universitário, Santa Maria-RS. CEP 96815-900
:(51) 3717-7300/7664
www.cad.unisc.br        cad@unisc.br       
Desconto:10% no valor bruto da mensalidade de cada aluno matriculado efrequentando cursos de extensão ou pós";"CURSO DE IDIOMAS INTEGRADOS LTDA
CNPJ:03.277.610/0001-25
Rua Governador Aquilino Mota Duarte, 1847, São Francisco, Boa Vista-RR. Tel:(95) 3224-1587
Desconto: 20% DESC PARA CURSOS DE INGLÊS E ESPANHOL";;;
"INSTITUTO ISABEL
CNPJ: 33.529.972/0001-32
Rua Mariz e Barros, 612 – Tijuca – RJ CEP: Tel:(21) 25671185
Desconto: 10%";"FAPAS - FACULDADE PALOTINA
CNPJ:95.602.942/0020-19
Av. Presidente Vargas, 115, Patronato, Santa Maria - RS Tel:(55) 3220-4575
www.fapas.edu.br       fapas@fapas.edu.br
Desconto:20%";"MEG IDIOMAS LTDA - WIZARD IDIOMAS
CNPJ:07.411.596/0001-61
Av. Nossa Senhora da Consolata, 9764, Centro. CEP 69301-011 Tel:(95) 3224-8008
megidiomas@gmail.com.br
Desconto:10% DESC NA PARCELA MENSAL";;;
"COLÉGIO PINHEIRO GUIMARÃES
CNPJ: 29.242.427/0001-88
Rua Silveira Martins, nº 151, 153 – Catete – RJ CEP:22.221-000Tel: (21) 2205-0797/1326 www.pinheiroguimares.br     cateteatendimento@pinheiroguimaraes.br Desconto:  50%  Educação  Básica,  20% cursos  pré-vestibular  e  preparatóriopara concurso público.";"FACULDADE ANTONIO MENEGHETTI(AMF)
CNPJ:04.899.334/0002-80
Rua Recanto Maestro, n 338, distrito Recanto Maestro - RS CEP 97230-000 Tel:(55) 3289-1141
www.faculdadeam.edu.br     adm@faculdadeam.edu.br
Desconto:10%";"FISK CENTRO DE ENSINO-UNIDADE BOA VISTA - J.M. HARDY & CIA LTDA
CNPJ:84.044.247/0001-08
Rua Homero Cruz, 173 - São Francisco cep 69.305-190 Tel:(95) 3224-9129
fiskbv@osite.com.br Desconto:20%";;;
"CENTRO  EDUCACIONAL  DE REALENGO  -  COLÉGIO  DE  APLICAÇÃOPAULO GISSONI E COLÉGIO CASTELO BRANCO
CNPJ: 42.265.413/0001-48
Av. Santa Cruz, 1631 – Realengo – RJ CEP: 21.710-255Tel: (21) 3216-7700
www.castelobranco.brDesconto: 15%";"UNILASALLE
Graduação:
10% (dez por cento) de desconto nas mensalidades, exceto matrícula, para alunos matriculados em no mínimo 20 (vinte) créditos;
5% (cinco por cento) sobre o valor das mensalidades, exceto matrículas, para os alunos matriculados entre 12 (doze) e 19 (dezenove) créditos;
10% (dez por cento) para os cursos de extensão e pós-graduação da UNILASALLE, no mínimo 20 (vinte) créditos; e
5% (cinco por cento) nos cursos de extensão e pós-graduação da UNILASALLE, para os alunos matriculados entre 12 (doze) e 19 (dezenove) créditos.";"SKILL IDIOMAS - FÊNIX FLORIANÓPOLIS ENSINO DE IDIOMAS EFUNDAMENTAL LTDA ME.
CNPJ:13.174.423/0001-70
Rua Lauro Linhares, nº1297, Trindade, Florianópolis - SC. CEP 88036-002 Tel:(48) 3333-8000
www.skillfloripa.com.br         comercial@skillfloripa.com.br
Desconto:20%";;;
"CEM – CENTRO EDUCACIONAL MODERNEL
CNPJ 08.947.614/0001 – 97
Estrada do galeão 717, cob. Ilha Governador RJ – CEP:21931 -243Tel: (021) 33634359 – 24672238
Desconto: 10% a 30%";"FACULDADES BORGES DE MENDONÇA - SISTEMA DE ENSINO BORGES DEMENDONÇA LTDA.
CNPJ:05.620.495/0001-75
Rua Santos Dumont, nº104, Centro, Florianópolis - SC. CEP 88015-020Tel:(48) 3229-2500 www.bm.edu.br comunicacao@bm.edu.br
Desconto:10 a 20%";"SERVIÇO NACIONAL DE APRENDIZAGEM COMERCIAL - CURSO ON LINE DEIDIOMAS
CNPJ:06.603.739/0001-86
Rua Felipe Schmidt, n 785, 6º e 7and, CentroDesconto:10 a 15%";;;
"CENTRO EDUCACIONAL FERNANDES VIEIRA
CNPJ: 02.500.728/0001-08
Rua Cisplatina, 147, Irajá-RJ. CEP 212350-070
Tel: (21) 2471-6268
cefv@bol.com.br
Desconto: 30% Ed. Infantil, 15% Ens. Fund";"ASSOCIAÇÃO DE ENSINO DE SANTA CATARINA - ASSESC
CNPJ:80.669.344/0001-27
Rodovia SC 401, KM 01, nº 407, Itacorubi
Desconto:25 a 44%";"BC IDIOMAS LTDA
CNPJ:06.305.802/0002-77
Rua XV de novembro , 373, Centro, Itajaí-SC. CEP 88301-420Tel:(47) 3045-7525
Desconto:21,15%";;;
"CENTRO EDUCACIONAL HALTEC
CNPJ:00.330.201/0001-57
Praça Panamericana nº 19, Penha -RJ. CEP 20020-070Tel:(21) 2560-8232 escolahaltec@ig.com.br
Desconto:15%  Anuidade; 10% Mensalidade";"FUNDAÇÃO UNIVERSIDADE DO SUL DE SANTA CATARINA UNISUL
CNPJ:86.445.293/0001-36
Av. José Acácio Moreira, nº 787Tel:(48) 3261-3000 www.unisul.br
Desconto:15% a 25%";"SKILL IDIOMAS - FENIX - SÃO JOSÉ ENSINO DE IDIOMAS E FUNDAMENTALLTDA ME
CNPJ:13.858.607/0001-59
Rua Koesa, nº 208, Bairro Kobrasol, São José, SC CEP 88.102-310Tel:(47)3257-2222 www.skillfloripa.com.br         lizy@skillkobrasol.com.br
Desconto:28%";;;
"CENTRO EDUCACIONAL LOURO SABIDO
CNPJ:05.651.787/0001-75
Rua Cristalina, nº Realengo-RJ CEP 21725-770Tel:(21) 3336-5372 cels@globo.com
Desconto:10% Ed. Infantil e Fundamental, 20%  anual e 15% semestral";"AERO TD ESCOLA DE AVIAÇÃO CIVIL LTDA - ME
CNPJ:72.443.914/0001-38
Rua Marechal Guilherme, nº127, Centro, Florianópolis - SC. CEP 88015-000Tel:(48) 3223-5191 www.aerotd.com.br     aerotd@aerotd.com.br
Desconto:14%";"WIZARD GUARATINGUETA- ELIEZER BATISTA DA SILVA
CNPJ:09.943.403/0001-49
Avenida Pedro Toledo, 360, Vila Paraíba, GuaratinguetáTel:(12) 3125-4582 guaratingueta@wizard.com.br
Desconto: 13 a 30%";;;
"CENTRO EDUCACIONAL MAPE -JARDIM ESCOLA ALEGRIA DE VIVER
CNPJ: 11.219.880/0001-08
Rua Almirante Batista das Neves, 56/lote 376, Chatuba, Mesquita-RJ.CEP 26585-040 Tel:(21) 3277-5626
cemape.mesquita@gmail.comDesconto: 10%";"AEROTD ESCOLA PROFISSIONALIZANTE E FACULDADE
CNPJ:72.443.914/0001-38
Rua Madalena Barbi, 46, CentroTel:(48) 3223-5191 www.aerotd.com.br     aerotd@aerotd.com.br Desconto:10%";"YAZIGI GUARATINGUETA- BRASIL IDIOMAS COMERCIO E SERVIÇOS LTDA
CNPJ:02.341.111/0001-97
A. Dr. Carlos Rebelo Junior, nº205, Vila Paraíba CEP 12.515-300Tel:(12) 3125-6654/3125- 6654
www.yazigi.com.br/guaratingueta cinthya@yazigi.com/janecrisne@yazigi.comDesconto:25%";;;
"CENTRO EDUCACIONAL NOVA LUZ
CNPJ:27.112.473/0001-37
Rua Engenheiro Oscar Weinschenk nº 191, Vila da Penha-RJ. CEP 21211-780Tel: (21) 3351-6328 secretaria@pequenotorcedor.com.brDesconto:10%";"UNIASSELVI SOCIEDADE DE PÓS-GRADUAÇÃO LTDA
Desconto:10%";"THE ONE IDIOMAS
CNPJ:08.069.144/0001-06
Rua Candido Dinamarco nº 100 - Vila Paraiba Cep 12515-310Tel:(12) 3125-6623 www.numberone.com.br      numberone.gta@hotmail.com
Desconto:20%";;;
"CENTRO EDUCACIONAL SANTA BÁRBARA
CNPJ:04.795.321/0001-90
Rua Francisco Enes 182, Penha-RJ. CEP 21011-420Tel:(21) 3882-0756 cesantabarbara@hotmail.com
Desconto:20%  DESC  MAT;  15%  DE  DESC  (ED.  INFANTIL)  E  12%  (ENSINOFUNDAMENTAL) E 20% PARA PAGAMENTO DA ANUIDADE";"UNIVERSIDADE DO VALE DO ITAJAÍ - UNIVALI
CNPJ:84.307.974/0001-02
Rua Uruguai, n 458, Centro Tel:(47) 3341-7575 / 3341-7577 reitoria.secretaria@univali.br
Desconto:20%";"A. Callan Method
Desconto:10%";;;
"CENTRO EDUCACIONAL SOUZA POLETTI LTDA.
CNPJ:04.050.749/0001-02
Av. Consellheiro Julius  Arp, nº 197-Bela Vista-RJ. CEP 28623-000Tel:(22) 2523-9068 www.escolasouzapoletti.com.br
Desconto:14% DESC PARCIAL e 12% DESC INTEGRAL";"ESC - ESCOLA SUPERIOR DE CRUZEIRO
Desconto:51,6% NO CURSOS DE FISIOTERAPIA, 24% PEDAGOGIA, 45% ED.FÍSICA,49% ENFERMAGEM, 20% PÓS-GRAD.";"ICL FORMAÇÃO E TREINAMENTO DE IDIOMAS -
Desconto:15%";;;
"CENTRO EDUCACIONAL PALMIERI
CNPJ:01.330.421/0001-43
Entrada dos Caboclos, nº 293, Campo Grande-RJ. CEP 23040-160Tel:(21) 2417-9305 cep@uol.com.br
Desconto: 25% Ed. Infantil e Ens. Fund.";"ORGANIZAÇÃO GUARÁ DE ENSINO
CNPJ:45.207.487/0001-16
Av. Pedro de Toledo, 195 - VI. Paraíba -  Guaratinguetá-SP. CEP 12515-690Tel:(12) 3123-3123 www.oge.edu.br
Desconto:30% GRADUAÇÃO E 10% PÓS-GRADUAÇÃO";"INTERLANDS ESCOLA DE IDIOMAS - INTERLANDS SERVIÇOS E COMÉRCIOLTDA.
CNPJ:05.159.196/0001-85
Av. Andrômeda, nº 2770  Bosques dos Eucaliptos, São José dos Campos -SP. CEP12233-001 Tel:(12) 3916-3665
administrativo@andromeda.ingles200h.com.br
Desconto:10 a 30%";;;
"CENTRO EDUCACIONAL VIDA E ARTE
CNPJ:31.410.079/0001-52
Av. Ministro Ary Franco nº 598 e 608, Bangu-RJ. CEP 21862-005Tel:(21) 2401-6627 www.ipi.com.br   ipi@ipi.com.br
Desconto: 15%";"INSTITUTO DE PESQUISA E EDUCAÇÃO EM SAÚDE DE SÃO PAULO
Desconto:10% NOS CURSOS DE PÓS-GRADUAÇÃO, ATUALIZAÇÃO, CAPACITAÇÃO ETREINAMENTO";"PERSONAL DO VALE IDIOMAS - PERSONALLANGUAGE
Desconto:15% - INGLÊS, 10% PARA ALEMÃO, ESPANHOL, CHINÊS, FRANCÊS,ITALIANO E PORTUGUÊS PARA ESTRANGEIROS";;;
"COLÉGIO MEIRA LIMA - União Comunitária de Educação e Cultura
CNPJ:30.285.928/0012-83
Rua Richard Strauss, 52 Jardim América-RJ. CEP 21240-110Tel:(21) 3346-5577 www.colegioateneu.com.br
Desconto: 20%";"UNISAL - CENTRO UNIVERSITÁRIO SALESIANO DE SÃO PAULO - U.E.LORENA.
CNPJ:60.462.072/0005-20
Largo Coração de Jesus nº 154 - São Paulo, SP CEP 01.215-020Tel:(12) 3159-2033 www.unisal.br     projetos@lo.unisal.br
Desconto:10% DESC  de 2 a 5 alunos e 15% DESC acima de 5 alunos";"UNITOWER LANGUAGE INSTITUTE - ESCOLA DE IDIOMAS
Desconto:15% DESC E 20% para segunda e 25% para terceira, até 50%sucessivamente";;;
"INSTITUTO SÃO JOÃO BAPTISTA
CNPJ:33.666.306/0001-30
R. Medina, 246 - Meier, Rio de Janeiro – RJ  CEP: 20735-130Tel: (21) 3899-1299 isjob@isjob.com.br
Desconto:30% ANUIDADE, 20% MENSALIDADE";"FUNDAÇÃO UNIVERSITÁRIA VIDA CRISTÃ - FUNVIC - FACULDADE DEPINDAMONHANGABA
– FAPI
Desconto:24% NOS CURSOS DE GRADUAÇÃO, 26,5% PAGAMENTO ANTECIPADO e10% PARA CURSOS PÓS GRADUAÇÃO.";"ESCOLA DE IDIOMAS LTDA.
CNPJ:11.162.608/0001-39
Av. Barão do Rio Branco, nº 1097, Jardim Esplanada II, São José dos Campos - SP.CEP 12242800 Tel:(12) 3924-1000
www.icbeusjc.com.br       marketing@icbeusjc.com.brDesconto:20%";;;
"JARDIM  DE   INFÂNCIA  TIA   MÔNICA  –   CENTRO EDUCACIONALVASCONCELOS DANTAS
CNPJ:01.616.075/0001-64
Rua Uarici 21, Irajá-RJ. CEP 21220-330
Tel:(21) 2482-1730
escola@evd.g12.br
Desconto: 30% MANHÃ e 40%";"FUNDAÇÃO VALEPARAIABANA DE ENSINO- SISTEMA FVE
CNPJ:61.191.244/0001-20
Pça Candido Dias Castejón, 116, São José dos CamposTel:(12) 3947-1091
www.univap.br prius@univap.br Desconto:15% NAS PARCELAS DE ANUIDADE";;;;
"COLÉGIO E CURSO PONTO DE ENSINO
CNPJ: 68.584.531-0001/02
Rua Barão de Mesquita, 86/88 - Tijuca- RJTel: (21) 2568-6834 www.pensi.com.br
Desconto: 30% mensalidades";"MÉTHODO GESTÃO EDUCACIONAL
CNPJ:05.189.152/0001-06
Rua Francisco Paes, nº 91, Centro, são José dos Campos-SP. CEP 12210-100Tel:(12) 3911-1729 www.escolamethodo.com.br
Desconto:50% MATRÍCULA 10% MENSAL, 20% ANUAL ou SEMESTRAL e 15% IRMÃOS";;;;
"JARDIM ESCOLA MENINO DE JESUS
CNPJ:42.445.940/0001-34
Rua Marina, 36 -  Bento Ribeiro RJTel: (21) 3359-2287 jarescmejesus@ig.com.brDesconto:10%";"INSTITUTO BARREIROS DE FISIOTERAPIA
Rua Pedroso de Moraes, 3256, São Paulo.Tel:(11) 3884-0539
Desconto:30% PARC; 2 BOLSAS DE 100%";;;;
"SISTEMA ELITE DE ENSINO
CNPJ:14.011.425/0001-00
Rua das Rosas, 95, Vila ValqueireTel: (21) 3174-2496 www.sistemaeliterio.com.br  convenios@sistemaeliterio.com.br Desconto: 40%";"FACULDADE MAURÍCIO DE NASSAU CNPJ:06.787.789/0001-59
Av. Delmiro Gouveia, nº 800, Bairro Coroa do Meio, Aracajú, Sergipe CEP 49035-810 Tel:(79) 3231-8520 fax 3217-3073
www.mauriciodenassau.edu.br
Desconto:20%";;;;
"SOCIEDADE DE EDUCAÇÃO E ASSISTÊNCIA SOCIAL SANTA CLARA
CNPJ:29.051.117/0001-86
Rua Moreira Cesar nº 172, São Gonçalo-Centro-RJ CEP 2440-400Tel:(21) 2712-1620 antonia.cecilia@yahoo.com.br
Desconto:10% ENS FUND E PRÉ, 50% NA MATRIC E 10% MENS NO ENS MÉD";;;;;
"ASVP - COLÉGIO DA IMACULADA CONCEIÇÃO
CNPJ:33.570.052/0006-67
Praia de Botafogo, 266 – Botafogo – Rio de Janeiro – CEP: 22250-145Tel: (21) 2551-7698 www.asvpcic.com.br  cic@asvpcic.com.br
Desconto: 10% - Ed. Infantil e Ens.Fund. I somente no período vespertino;Ens.Fund. II e Ens. Médio, no período matutino.";;;;;
"INSTITUTO SANTO ANTÔNIO – ABMSA
CNPJ: 33.642.455/0014-84
Rua Maria Joaquina, 544 – Pavuna – Rio de Janeiro – RJ – CEP: 21520-580Tel: (21) 2474-1080 administracao@institutosantoantonio.com.brDesconto: 15% do Maternal ao 9º ano.";;;;;
"COLÉGIO CENECISTA CAPITÃO LEMOS CUNHA
CNPJ: 33.621.384/0043-78
Estrada do Galeão, s/nº – Ilha do Governador – RJ – CEP: 21941-291Tel: (21) 3975.6803, 3975.6807 www.colegiolemoscunha.cnec.br  ccclc@cnerj.com.br
Desconto:20% para Ed. Inf, Ens. Fund. Ens. Médio.";;;;;
"HOTEL DO BEBÊ LTDA
CNPJ:08.479.420/0001-04
Rua Missionário Gunnar Vingren, 1974, Capim Macio – Natal - RN Tel:(84) 3201-8936
Desconto:10%";;;;;
"IMPACTO COLÉGIO E CURSO LTDA
CNPJ:13.646.741/0001-23
Rua Caraaru, Esperança, Natal-RN. Tel:(84) 3205-1574
Desconto:10%";;;;;
"ASSOCIAÇÃO NORDESTE BRASILEIRA DE EDUCAÇÃO E CULTURA - COLÉGIO NOSSA SENHORA DE FÁTIMA
CNPJ:10.970.689/0007-26
Av. Rodrigues Alves, 646, Tirol, Natal-RN. CEP 39020-200 Tel: (84)3222-2962
www.cnsfnatal.com.br  cnsf@cnsfnatal.com.br
Desconto:15%";;;;;
"INSTITUTO MARIA AUXILIADORA
CNPJ:08.319.741/0001-41
Av. Hermes da Fonseca, 603,Tirol, Natal-RN. CEP 59020-095 Tel: (84)4006-4350
www.auxiliadoradenatal.com.br      ima@auxiliadoradenatal.com.br
Desconto:20%";;;;;
"CENTRO DE ENSINO POTIGUAR LTDA (OVERDOSE COLÉGIO E CURSO)
CNPJ:09.532.608/0001-31
Rua Marcilio Furtado nº2422, Lagoa Nova, Natal - RN. CEP 59.063-360
Desconto: 30% nas mensalidades do 6º ao 9º ano e 15% nas mensalidade de 1ª a3ª série.";;;;;
"INSTITUTO BATISTA DE RORAIMA CNPJ:10.157.113/0001-59
Rua General Penha Brasil, nª 327, Centro, CEP 69301-440 Tel:(95) 21218888
Desconto:15%";;;;;
"COLÉGIO DOM BOSCO - ISMA- INSPETORIA SALESIANA MISSIONARIA DA AMAZONIA CNPJ:04.373.163/0052-10
Rua Almirante Barroso, 986, Bairro Santa Bárbara Tel:(92) 3625-5132 / 8414-5396 www.skillidiomas.com
Desconto:15 a 20%";;;;;
"CAEDRHS ASSOCIAÇÃO DE ENSINO CNPJ:03.642.383/0001-90
Av. Coronel José Lobo, 800, Paranaguá - PR. CEP 83203-340 Tel:(41) 3423-3415 direcaodegraduacao@isulpar.com.br
Desconto:5-10 ALUNOS 30%; 11-20 35%; A PARTIR DE 21 40%";;;;;
"ASSOCIAÇÃO NOTRE DAME - COLÉGIO MARIA AUXILIADORA
CNPJ:88.337.605/0002-02
Av. Guilherme Schell nº5888, Centro, Canoas-RS. CEP 92.310-000Tel:(51) 3462-8600 www.auxiliadora.net    auxiliadora@auxiliadora.net
Desconto:10% a 20%";;;;;
"MITRA DIOCESANA DE RIO GRANDE
CNPJ:87.743.613/0001-05
Av. Pelotas 355, Cidade Nova, CEP 96211-000Tel:(53) 3232-9231 escolasluiz@hotmail.com
Desconto:10 a 25%";;;;;
"COLEGIO SAGRADO CORAÇÃO DE JESUS
CNPJ:94.870.946/0001-52
Rua Dr. Augusto Duprat 374,  Bairro Cidade NovaTel:(53)3232-5531/ 3232 4246
escscj@terra.com.br
Desconto:15 a 30%";;;;;
"ASSOCIAÇÃO CULTURAL E BENEFICENTE NOVA LOURDES
CNPJ:84.304.179/0010-51
Av. Medianeira, nº 415, Centro, Santa Maria-RS. CEP 97060-001Tel:(55) 3028-3470 financeiro@escolamedianeira.com.br
Desconto:25%  DE 1ª A 8ª SÉRIE E 10% NO TURNO INTEGRAL";;;;;
"ASSOCIAÇÃO EDUCACIONAL MARCO POLO - COLÉGIO MARCO POLO
CNPJ:08.335.183/0001-08
Rua Conrado Hoffmann, 117, sala 02, RS CEP 97060-140
Tel:(55) 3222-0050
contato@marcopolocolegio.com.br
Desconto:20%";;;;;
"Turma da Mônica CR. Barbosa – ME.
Rua Buenos Aires, 1504. Bairro Nova Porto Velho. Cep 76.820-138. Porto Velho –RO (069) 322-2283
30% (trinta por cento).20% (vinte por cento).";;;;;
"CENTRO EDUCACIONAL CONSTRUIR - MEDEIROS E MEDEIROS
CNPJ:10.832.390/0001-10
Rua Capitão Felipe nº 242, Mecejana, Boa Vista-RR. CEP 69304-450 Tel:(95) 3624-6646
lineia.medeiros@hotmail.com
Desconto:20%";;;;;
"CENTRO EDUCACIONAL PITÁGORAS - LUCINEIA CARLOS MEDEIROS
CNPJ:06.110.789/0001-10
Av. Nazaré Filgueiras, 3015, Alvorada, Boa Vista-RR. CEP 69316-715 Tel:(95) 3627-7008
lineia.medeiros@hotmail.com
Desconto:15%";;;;;
"PRÉ-ESCOLAR REIZINHO LTDA
CNPJ:01.949.930/0001-59
Av Major williams n. 757, Centro Tel:(95) 36235640
Desconto:15%";;;;;
"VOVÓ RAQUEL CENTRO EDUCACIONAL LTDA.
CNPJ:00.241.426/0001-37
Rua Aracy Vaz Calado, nº 751, Estreito, Florianópolis-SC. CEP 88070-750 Tel:(48) 3248-4779
www.vovoraquel.com.br       vovoraquelsede@gmail.com
Desconto:10%";;;;;
"COLÉGIO CENECISTA PEDRO ANTONIO FAYAL
CNPJ:33.621.384/0952-33
Rua Alfredo Trompowsky, 153, Vila Operária, Itajaí-SC. CEP 88303-140 Tel:(47) 3249-5205
Desconto:30% COLÉGIO CENECISTA PEDRO ANTONIO FAYAL
CNPJ:33.621.384/0952-33
Rua Alfredo Trompowsky, 153, Vila Operária, Itajaí-SC. CEP 88303-140 Tel:(47) 3249-5205
Desconto:30%";;;;;
"EAGLE HIGH IDIOMAS LTDA
CNPJ:00.572.400/0001-71
Rua Lauro Muller, 503, Centro, Itajaí-SC. CEP 88301-400 Tel:(47) 3348-530
itaji@wizard.com.br Desconto:30%";;;;;
"SOCIEDADE EDUCACIONAL VERDES MARES
CNPJ:03.142.870/0001-93
Rua Felipe Schmidt, n 306, Centro, Itajaí-SC  CEP 88300-000 Tel:(47) 3348-3780
Desconto:15%";;;;;
"UNIVERSIDADE DO VALE DO ITAJAÍ - UNIVALI
CNPJ:84.307.974/0001-03
Rua Uruguai, n 458, Centro reitoria.secretaria@univali.br Desconto:20%";;;;;
"COLÉGIO ALBERT EINSTEIN
CNPJ:71.579.908/0001-40
Av. Juscelino Kubitscheck de Oliveira, nº 957, Campo do Galvão, Guaratinguetá-SP.CEP 12505-300 Tel:(12)3128-3000
www.objetivoguara.com.br       einstein@provale.com.br Desconto:30% MENSALIDADE E 35% ANUIDADE/SEMESTRALIDADE";;;;;
"COLÉGIO FONTE LTDA - ME
CNPJ:09.083.215/0001-98
Av. Gustavo Molilca, nº561, Portal das Colinas - Guaratinguetá - SP. CEP 12.516-010.
Tel:(12) 3123-2888
www.colegiofonte.com.br
Desconto:35% PARA EDUCAÇÃO INFANTIL; 30% PARA ENSINO FUNDAMENTAL I e IIe 50% PARA ENSINO MÉDIO.";;;;;
"INSTITUTO NOSSA SENHORA DO CARMO
Desconto:20%";;;;;
"CENTRO EDUCACIONAL RENASCER
CNPJ:15.162.395/0001-04
Alameda Dr. Levy Cornetti Velloso, 405, Bairro AlamedaTel:(12) 3125-4166
ramiro.cerenascer@hotmail.com Desconto: 35%";;;;;
"COLÉGIO REZENDE E REZENDE
CNPJ:03.682.695/0001-27
Rua Floriano Peixoto, nº27, Centro, Jacareí - SP. CEP 12380-030.
Tel:(12) 3954-3910
isabel.moraes@rezenderezende.com.br Desconto:10%";;;;;
"COLÉGIO SAA - CENTRO DE ESTUDOS FILOSÓFICOS.
CNPJ:62.661.939/0001-54
Rua Amaral Gama, nº185, Santana/SP - CEP 02.018-000Tel:(11) 2287-7788
www.saa.com.br Desconto:20%";;;;;
"COLÉGIO MARISTA NOSSA SENHORA DA GLÓRIA - ASSOCIAÇÃO BRASILEIRADE ECUCAÇÃO E CULTURA - ABEC
Desconto:10%";;;;;
"COLÉGIO ECCOS
Desconto:10% DE DESC+ 10% EM CASO DE IRMÃOS";;;;;
"CENTRO DE EDUCAÇÃO NOVA PAULISTA
CNPJ:02.774.946/0001-30
Av. Livro Venesiani, 151, Jardim Uirá, São José dos Campos-SP. CEP 12227-570Tel:(12) 3923-9417
www.colegiocep.com.br   cepaulista@yahoo.com.br Desconto:10%";;;;;
"ESCOLA DE EDUCAÇÃO INFANTIL E FUNDAMENTAL PADRE JÚLIO MARIA
CNPJ:51.618.718/0001-87
Rua Olivo Gomes, 310 - Santana, São José dos Campos-SP CEP 12211-290 www.colegiopejulio.com.brdireção@colegiopejulio.com.br
Desconto:10% MENSAL e 15% ANUAL OU SEMESTRAL";;;;;
"ESCOLA DE SISTEMA ELO EDUCACIONAL
CNPJ:08.875.947/0001-67
Alameda Cândido Marciano Leite, 65, Vila Betanha, São José dos Campos-SP. CEP12245-486 Tel:(12) 3941-5343
www.eloeducacional.com.br Desconto:30%";;;;;
"FUNDAÇÃO VALEPARAIABANA DE ENSINO- SISTEMA FVE
CNPJ:61.191.244/0001-20
Pça Candido Dias Castejón, 116, São José dos Campos Tel:(12) 3947-1091
www.univap.br prius@univap.br
Desconto:15% NAS PARCELAS DE ANUIDADE";;;;;
"COLÉGIO NOVA GERAÇÃO - EDUCADORA JOSEENSE S/S LTDA-EPP
CNPJ:60.131.885-0001-90
Rua Massaguaçu, nº390, Jardim Satélite, São José dos Campos - SP. CEP 12230-650 Tel:(12) 3937-7373
isabel.moraes@rezenderezende.com.br Desconto:10%";;;;;
"ESCOLA GRILO FALANTE. ESCOLA MACEDO & MORAIS DE EDUCAÇÃOINFANTIL LTDA – ME
CNPJ:05.119.493/0001-05
Rua Santa Elza, nº218, Vila Aydana,  São José dos Campos - SP. CEP 12243-690 Tel:(12) 3911-4367
www.escolagrilofalante.com.br Desconto:10%";;;;;
"ESCOLA DE ENFERMAGEM  CAÇAPAVA (ITAB-INSTITUTO AFONSO BORGES)
CNPJ:02.098.288/0001-04
Av. Brasil, n.55, Vila Antonio Augusto Luiz, Caçapava Tel:(12) 3653-7452
itab.cpv@ig.com.br
Desconto:18% CURSOS TÉCNICOS";;;;;
"SISTEMA PAULISTANO DE ENSINO
CNPJ:10.586.453/0001-03
Rua Pelotas, 579, Vila Mariana
Tel:(11) 5084-2242
www.colegiomarcopolo.com.br         info@colegiomarcopolo.com.br Desconto:10%";;;;;
"COLEGIO SANTA CATARINA DE SENA- ASSOCIAÇÃO DE EDUCAÇÃO EBENEFICÊNCIA SANTA CATARINA DE SENA
CNPJ:62.047.071/0002-88
Rua Manoel da Nóbrega, 307, São Paulo Tel:(11) 3284-5656
www.colegiosantacatarinadesena.com.br secretaria@colegiosantacatarinadesena Desconto:10% DESC PARA BOLSA PARCIAL E 20%DESC PARA ANUIDADE";;;;;
"NUCLEO DE ENSINO OURO PRETO
CNPJ:43.066.133/0001-73
Rua Siqueira Bueno, 2386, Belenzinho Tel:(11) 2601-1144
www.colegioouropreto.com.br atendimento@colegioouropreto.com.br Desconto:20%";;;;;
"COLÉGIO MARIA MONTESSORI - ESCOLA MODELO PERNALONGA
CNPJ:62.380.365/0001-46
Av. Jurucê, n 402, Bairro Moema(11) 5542-9911
www.montessorinet.com.br Desconto:10 A 15%";;;;;
"FLORESTA ENCANTADA -15%
Rua Damiana da Cunha, 281 – Santana";;;;;
